CODI_PROVINCIA,PROVINCIA,CODI_MUNICIPI,MUNICIPI,ESTACIO,CODI_CONTAMINANT,ANY,MES,DIA,H01,V01,H02,V02,H03,V03,H04,V04,H05,V05,H06,V06,H07,V07,H08,V08,H09,V09,H10,V10,H11,V11,H12,V12,H13,V13,H14,V14,H15,V15,H16,V16,H17,V17,H18,V18,H19,V19,H20,V20,H21,V21,H22,V22,H23,V23,H24,V24
08,Barcelona,019,Barcelona,043,999,2026,4,16,20.7,V,22,V,16.8,V,17.8,V,20.2,V,20.9,V,19.4,V,15,V,16.9,V,17.1,V,14.9,V,15.3,V,13.4,V,12.7,V,14.7,V,18.2,V,17.1,V,15.2,V,16.7,V,18.1,V,17.8,V,17.1,V,23.4,V,23.6,V
08,Barcelona,019,Barcelona,043,999,2026,4,17,,N,19.8,V,20.7,V,20.6,V,20.9,V,21.5,V,18.8,V,16.6,V,16.9,V,18.6,V,15.9,V,17.5,V,15.8,V,15.9,V,7.9,V,8.7,V,11,V,13.1,V,18.1,V,15.4,V,17.3,V,16.6,V,11,V,14.1,V
08,Barcelona,019,Barcelona,043,999,2026,4,18,15,V,21,V,24.4,V,21.9,V,21.9,V,16.2,V,13.7,V,16,V,17.2,V,16.7,V,12.1,V,15,V,14.9,V,21.9,V,21.4,V,21.6,V,16.1,V,18.1,V,15.8,V,17.2,V,19.8,V,21.9,V,21.3,V,22.6,V
08,Barcelona,019,Barcelona,043,999,2026,4,19,21.5,V,22.8,V,21.2,V,21.8,V,19.1,V,20.4,V,18,V,19.3,V,17.4,V,17.2,V,27.4,V,21,V,17.9,V,19.1,V,18.1,V,20.7,V,,N,,N,,N,,N,,N,,N,,N,,N
08,Barcelona,019,Barcelona,054,999,2026,4,16,13,V,14.9,V,16.7,V,22,V,18.7,V,14.6,V,14.3,V,12.1,V,10.5,V,15,V,16.2,V,14.5,V,14.7,V,15.7,V,18.3,V,16.3,V,15,V,13.5,V,12.2,V,13.7,V,12.9,V,12.3,V,12.1,V,11.1,V
08,Barcelona,019,Barcelona,054,999,2026,4,17,,N,14.7,V,17,V,19,V,20.4,V,12.7,V,12,V,9,V,10.6,V,12.3,V,12.9,V,13.3,V,,N,,N,13.5,V,10.9,V,8.8,V,11.9,V,13,V,13.7,V,13.1,V,9.8,V,11.1,V,12.7,V
08,Barcelona,019,Barcelona,054,999,2026,4,18,14.1,V,15.1,V,22.4,V,13.9,V,20.3,V,14.8,V,14.3,V,12.7,V,14.3,V,15.6,V,15.4,V,13.6,V,16.6,V,19.3,V,21.7,V,21.4,V,21.4,V,16.3,V,17.7,V,16.7,V,14.1,V,13,V,13.7,V,14.4,V
08,Barcelona,019,Barcelona,054,999,2026,4,19,15.8,V,16.6,V,20.9,V,14.7,V,18,V,17.5,V,13.1,V,9.6,V,11.5,V,16.1,V,14.4,V,18.2,V,11.3,V,18.7,V,21.7,V,18.2,V,,N,,N,,N,,N,,N,,N,,N,,N
08,Barcelona,019,Barcelona,043,22,2026,4,16,961,V,1254,V,1550,V,1520,V,1509,V,2273,V,2196,V,3987,V,4325,V,4506,V,3882,V,2955,V,2922,V,1460,V,790,V,576,V,578,V,455,V,394,V,359,V,692,V,900,V,711,V,1186,V
08,Barcelona,019,Barcelona,043,22,2026,4,17,,N,1567,V,839,V,683,V,858,V,1346,V,1637,V,1831,V,2349,V,3600,V,3231,V,2517,V,2003,V,1321,V,1703,V,1640,V,1059,V,786,V,733,V,943,V,1070,V,730,V,623,V,708,V
08,Barcelona,019,Barcelona,043,22,2026,4,18,762,V,1234,V,1448,V,1650,V,1655,V,2104,V,2754,V,2934,V,3012,V,3259,V,3772,V,2732,V,1959,V,1664,V,1210,V,861,V,738,V,556,V,752,V,569,V,717,V,747,V,1052,V,1710,V
08,Barcelona,019,Barcelona,043,22,2026,4,19,2098,V,2012,V,1593,V,1366,V,814,V,1122,V,2076,V,2069,V,2117,V,1691,V,970,V,830,V,958,V,647,V,528,V,700,V,,N,,N,,N,,N,,N,,N,,N,,N
08,Barcelona,019,Barcelona,054,22,2026,4,16,1588,V,1162,V,918,V,672,V,1048,V,1630,V,2141,V,3735,V,4457,V,1960,V,1491,V,2206,V,2408,V,1745,V,494,V,492,V,412,V,409,V,429,V,480,V,486,V,780,V,1056,V,737,V
08,Barcelona,019,Barcelona,054,22,2026,4,17,,N,728,V,563,V,513,V,676,V,1146,V,1490,V,3246,V,3179,V,1480,V,2433,V,1958,V,,N,,N,1046,V,1024,V,949,V,581,V,662,V,757,V,679,V,891,V,1352,V,1223,V
08,Barcelona,019,Barcelona,054,22,2026,4,18,1267,V,1275,V,739,V,729,V,311,V,950,V,851,V,1616,V,1222,V,921,V,946,V,1310,V,841,V,512,V,639,V,622,V,799,V,483,V,399,V,387,V,627,V,1334,V,1268,V,1113,V
08,Barcelona,019,Barcelona,054,22,2026,4,19,1090,V,908,V,488,V,531,V,425,V,415,V,1112,V,1324,V,1726,V,1011,V,1733,V,1466,V,1384,V,735,V,520,V,358,V,,N,,N,,N,,N,,N,,N,,N,,N
08,Barcelona,019,Barcelona,043,6,2026,4,16,0.2,V,0.3,V,0.3,V,0.3,V,0.2,V,0.3,V,0.5,V,0.7,V,1.1,V,0.9,V,0.6,V,0.4,V,0.4,V,0.3,V,0.2,V,0.2,V,0.2,V,0.2,V,0.2,V,0.2,V,0.3,V,0.2,V,0.2,V,0.2,V
08,Barcelona,019,Barcelona,043,6,2026,4,17,0.3,V,0.2,V,0.2,V,0.2,V,0.2,V,0.3,V,0.3,V,0.4,V,0.5,V,0.7,V,0.4,V,0.3,V,0.4,V,0.4,V,0.2,V,0.3,V,0.2,V,0.2,V,0.3,V,0.3,V,0.3,V,0.2,V,0.2,V,0.2,V
08,Barcelona,019,Barcelona,043,6,2026,4,18,0.2,V,0.2,V,0.2,V,0.3,V,0.3,V,0.3,V,0.4,V,0.5,V,0.6,V,0.4,V,0.4,V,0.4,V,0.3,V,0.2,V,0.2,V,0.2,V,0.2,V,0.2,V,0.2,V,0.2,V,0.3,V,0.2,V,0.2,V,0.4,V
08,Barcelona,019,Barcelona,043,6,2026,4,19,0.3,V,0.3,V,0.2,V,0.2,V,0.2,V,0.2,V,0.3,V,0.3,V,0.2,V,0.2,V,0.2,V,0.2,V,0.2,V,0.2,V,0.2,V,0.2,V,,N,,N,,N,,N,,N,,N,,N,,N
08,Barcelona,019,Barcelona,057,6,2026,4,16,,N,,N,,N,,N,,N,,N,,N,,N,,N,,N,,N,,N,,N,,N,,N,,N,,N,,N,,N,,N,,N,,N,,N,,N
08,Barcelona,019,Barcelona,057,6,2026,4,17,,N,,N,,N,,N,,N,,N,,N,,N,,N,,N,,N,,N,,N,,N,,N,,N,,N,,N,,N,,N,,N,,N,,N,,N
08,Barcelona,019,Barcelona,057,6,2026,4,18,,N,,N,,N,,N,,N,,N,,N,,N,,N,,N,,N,,N,,N,,N,,N,,N,,N,,N,,N,,N,,N,,N,,N,,N
08,Barcelona,019,Barcelona,057,6,2026,4,19,,N,,N,,N,,N,,N,,N,,N,,N,,N,,N,,N,,N,,N,,N,,N,,N,,N,,N,,N,,N,,N,,N,,N,,N
08,Barcelona,019,Barcelona,057,106,2026,4,16,,N,,N,,N,,N,,N,,N,,N,,N,,N,,N,,N,,N,,N,,N,,N,,N,,N,,N,,N,,N,,N,,N,,N,,N
08,Barcelona,019,Barcelona,057,106,2026,4,17,,N,,N,,N,,N,,N,,N,,N,,N,,N,,N,,N,,N,,N,,N,,N,,N,,N,,N,,N,,N,,N,,N,,N,,N
08,Barcelona,019,Barcelona,057,106,2026,4,18,,N,,N,,N,,N,,N,,N,,N,,N,,N,,N,,N,,N,,N,,N,,N,,N,,N,,N,,N,,N,,N,,N,,N,,N
08,Barcelona,019,Barcelona,057,106,2026,4,19,,N,,N,,N,,N,,N,,N,,N,,N,,N,,N,,N,,N,,N,,N,,N,,N,,N,,N,,N,,N,,N,,N,,N,,N
08,Barcelona,019,Barcelona,054,6,2026,4,16,0.4,V,0.3,V,0.3,V,0.2,V,0.3,V,0.4,V,0.5,V,0.8,V,1.1,V,0.5,V,0.3,V,0.4,V,0.3,V,0.3,V,0.2,V,0.2,V,0.2,V,0.2,V,0.2,V,0.2,V,0.2,V,0.6,V,0.4,V,0.4,V
08,Barcelona,019,Barcelona,054,6,2026,4,17,0.4,V,0.3,V,0.3,V,0.3,V,0.2,V,0.4,V,0.4,V,0.6,V,0.7,V,0.4,V,,N,,N,,N,,N,0.3,V,0.2,V,0.2,V,0.2,V,0.2,V,0.2,V,0.2,V,0.2,V,0.3,V,0.3,V
08,Barcelona,019,Barcelona,054,6,2026,4,18,0.3,V,0.3,V,0.3,V,0.2,V,0.2,V,0.2,V,0.2,V,0.3,V,0.3,V,0.2,V,0.4,V,0.5,V,0.3,V,0.2,V,0.2,V,0.2,V,0.2,V,0.2,V,0.2,V,0.2,V,0.2,V,0.3,V,0.4,V,0.3,V
08,Barcelona,019,Barcelona,054,6,2026,4,19,0.3,V,0.3,V,0.2,V,0.2,V,0.2,V,0.2,V,0.2,V,0.2,V,0.4,V,0.2,V,0.3,V,0.3,V,0.2,V,0.2,V,0.2,V,0.2,V,,N,,N,,N,,N,,N,,N,,N,,N
08,Barcelona,019,Barcelona,043,997,2026,4,16,3885,V,3885,V,3885,V,3887.4,V,3897.6,V,3897,V,3896.8,V,3889.9,V,3885,V,3904,V,3909.3,V,3908.7,V,3902.6,V,3897.9,V,3897.1,V,3897,V,3897,V,3897,V,3897,V,3897,V,3897,V,3900.8,V,3898,V,3897,V
08,Barcelona,019,Barcelona,043,997,2026,4,17,,N,3897,V,3897,V,3897,V,3897,V,3896.8,V,3893.2,V,3886.7,V,3885,V,3885,V,3910.1,V,3919.2,V,3911,V,3909,V,3909,V,3909,V,3909,V,3908.6,V,3906.9,V,3904.4,V,3904.2,V,3903,V,3902.9,V,3902.1,V
08,Barcelona,019,Barcelona,043,997,2026,4,18,3911.1,V,3909,V,3906.5,V,3898.2,V,3897,V,3897,V,3896.2,V,3888.9,V,3899.1,V,3901.8,V,3897,V,3897,V,3895.4,V,3888.9,V,3885.2,V,3885,V,3885,V,3885,V,3915.3,V,3909,V,3909,V,3908.1,V,3901,V,3897.1,V
08,Barcelona,019,Barcelona,043,997,2026,4,19,3896.9,V,3892.3,V,3885.9,V,3885,V,3885,V,3885,V,3906.4,V,3897.4,V,3897,V,3896.9,V,3893.4,V,3887.3,V,3885.5,V,3885.1,V,3885,V,3885,V,,N,,N,,N,,N,,N,,N,,N,,N
08,Barcelona,019,Barcelona,054,997,2026,4,16,4099,V,4099,V,4099,V,4099,V,4099,V,4098.1,V,4092.6,V,4105.1,V,4107.2,V,4100.2,V,4099.1,V,4099,V,4099,V,4099.2,V,4099,V,4099,V,4099,V,4099,V,4099,V,4098.8,V,4097.8,V,4094.2,V,4090,V,4089,V
08,Barcelona,019,Barcelona,054,997,2026,4,17,,N,4108.8,V,4107.2,V,4102.1,V,4099.4,V,4099,V,4099,V,4097.6,V,4090,V,4089,V,4089,V,4107.7,V,,N,,N,4100.9,V,4099.1,V,4099,V,4099,V,4099,V,4099,V,4099,V,4098.7,V,4095.5,V,4090.5,V
08,Barcelona,019,Barcelona,054,997,2026,4,18,4089,V,4089,V,4089,V,4089,V,4089,V,4110.5,V,4104.5,V,4099.2,V,4099,V,4099,V,4099,V,4098.8,V,4096.9,V,4095.7,V,4092.5,V,4089.5,V,4089,V,4089,V,4089,V,4089,V,4089,V,4087.9,V,4094.9,V,4104.7,V
08,Barcelona,019,Barcelona,054,997,2026,4,19,4099.2,V,4099,V,4099,V,4099,V,4098.2,V,4095,V,4090.5,V,4089,V,4089,V,4089,V,4089,V,4087.6,V,4086.6,V,4087.2,V,4097.6,V,4109,V,,N,,N,,N,,N,,N,,N,,N,,N
08,Barcelona,019,Barcelona,043,996,2026,4,16,1114,V,1114,V,1114,V,1111.6,V,1101.4,V,1102,V,1102.2,V,1109.1,V,1114,V,1095,V,1089.7,V,1090.3,V,1096.4,V,1101.1,V,1101.9,V,1102,V,1102,V,1102,V,1102,V,1102,V,1102,V,1098.2,V,1101,V,1102,V
08,Barcelona,019,Barcelona,043,996,2026,4,17,,N,1102,V,1102,V,1102,V,1102,V,1102.2,V,1105.8,V,1112.3,V,1114,V,1114,V,1089,V,1079.8,V,1088,V,1090,V,1090,V,1090,V,1090,V,1090.4,V,1092.1,V,1094.6,V,1094.9,V,1096,V,1096.1,V,1096.9,V
08,Barcelona,019,Barcelona,043,996,2026,4,18,1087.9,V,1090,V,1092.5,V,1100.8,V,1102,V,1102,V,1102.9,V,1110.1,V,1099.9,V,1097.2,V,1102,V,1102.1,V,1103.7,V,1110.2,V,1113.8,V,1114,V,1114,V,1114,V,1083.7,V,1090,V,1090,V,1090.9,V,1098,V,1101.9,V
08,Barcelona,019,Barcelona,043,996,2026,4,19,1102.1,V,1106.7,V,1113.2,V,1114,V,1114,V,1114,V,1092.7,V,1101.6,V,1102,V,1102.1,V,1105.6,V,1111.7,V,1113.5,V,1114,V,1114,V,1114,V,,N,,N,,N,,N,,N,,N,,N,,N
08,Barcelona,019,Barcelona,054,996,2026,4,16,873.2,V,873.2,V,873.1,V,873.2,V,873.1,V,874,V,879.5,V,867.2,V,865.1,V,872,V,873.1,V,873.1,V,873.1,V,872.8,V,873.2,V,873.1,V,873.1,V,873,V,873,V,873.5,V,874.4,V,878,V,882.2,V,883.2,V
08,Barcelona,019,Barcelona,054,996,2026,4,17,,N,863.4,V,865.2,V,870.3,V,872.8,V,873.2,V,873.1,V,874.5,V,882.2,V,883.1,V,883.1,V,864.4,V,,N,,N,871.3,V,873,V,873.2,V,873.2,V,873.1,V,873.1,V,873.1,V,873.4,V,876.7,V,881.7,V
08,Barcelona,019,Barcelona,054,996,2026,4,18,883.1,V,883.2,V,883.2,V,883.1,V,883.2,V,861.7,V,867.7,V,873,V,873.2,V,873.2,V,873.2,V,873.5,V,875.3,V,876.4,V,879.6,V,882.5,V,883.1,V,883.1,V,883,V,883.2,V,883.2,V,884.2,V,877.2,V,867.6,V
08,Barcelona,019,Barcelona,054,996,2026,4,19,873,V,873.1,V,873.1,V,873.3,V,874,V,877.3,V,881.7,V,883.1,V,883.1,V,883.2,V,883.2,V,884.6,V,885.5,V,884.8,V,874.5,V,863.1,V,,N,,N,,N,,N,,N,,N,,N,,N
08,Barcelona,019,Barcelona,043,998,2026,4,16,4999,V,4999,V,4999,V,4999,V,4999,V,4999,V,4999,V,4999,V,4999,V,4999,V,4999,V,4999,V,4999,V,4999,V,4999,V,4999,V,4999,V,4999,V,4999,V,4999,V,4999,V,4999,V,4999,V,4999,V
08,Barcelona,019,Barcelona,043,998,2026,4,17,,N,4999,V,4999,V,4999,V,4999,V,4999,V,4999,V,4999,V,4999,V,4999,V,4999,V,4999,V,4999,V,4999,V,4999,V,4999,V,4999,V,4999,V,4999,V,4999,V,4999,V,4999,V,4999,V,4999,V
08,Barcelona,019,Barcelona,043,998,2026,4,18,4999,V,4999,V,4999,V,4999,V,4999,V,4999,V,4999,V,4999,V,4999,V,4999,V,4999,V,4999,V,4999,V,4999,V,4999,V,4999,V,4999,V,4999,V,4999,V,4999,V,4999,V,4999,V,4999,V,4999,V
08,Barcelona,019,Barcelona,043,998,2026,4,19,4999,V,4999,V,4999,V,4999,V,4999,V,4999,V,4999,V,4999,V,4999,V,4999,V,4999,V,4999,V,4999,V,4999,V,4999,V,4999,V,,N,,N,,N,,N,,N,,N,,N,,N
08,Barcelona,019,Barcelona,054,998,2026,4,16,4972.2,V,4972.2,V,4972.1,V,4972.2,V,4972.1,V,4972.1,V,4972.1,V,4972.3,V,4972.2,V,4972.2,V,4972.2,V,4972.1,V,4972.1,V,4972,V,4972.2,V,4972.1,V,4972.1,V,4972,V,4972,V,4972.1,V,4972.1,V,4972.1,V,4972.1,V,4972.2,V
08,Barcelona,019,Barcelona,054,998,2026,4,17,,N,4972.1,V,4972.4,V,4972.3,V,4972.1,V,4972.2,V,4972.1,V,4972.1,V,4972.2,V,4972.1,V,4972.1,V,4972,V,,N,,N,4972.1,V,4972.1,V,4972.2,V,4972.2,V,4972.1,V,4972.1,V,4972.1,V,4972.1,V,4972.2,V,4972.1,V
08,Barcelona,019,Barcelona,054,998,2026,4,18,4972.2,V,4972.2,V,4972.2,V,4972.1,V,4972.2,V,4972.2,V,4972.2,V,4972.2,V,4972.2,V,4972.2,V,4972.2,V,4972.2,V,4972.2,V,4972.1,V,4972.1,V,4972,V,4972.1,V,4972.1,V,4972,V,4972.2,V,4972.2,V,4972.1,V,4972.1,V,4972.3,V
08,Barcelona,019,Barcelona,054,998,2026,4,19,4972.3,V,4972.1,V,4972.1,V,4972.3,V,4972.2,V,4972.2,V,4972.2,V,4972.1,V,4972.1,V,4972.2,V,4972.2,V,4972.2,V,4972,V,4972,V,4972,V,4972.1,V,,N,,N,,N,,N,,N,,N,,N,,N
08,Barcelona,019,Barcelona,050,7,2026,4,16,1,V,1,V,1,V,1,V,1,V,1,V,2,V,14,V,41,V,39,V,10,V,4,V,6,V,9,V,11,V,12,V,5,V,2,V,1,V,1,V,4,V,1,V,1,V,1,V
08,Barcelona,019,Barcelona,050,7,2026,4,17,1,V,1,V,1,V,1,V,1,V,1,V,2,V,15,V,34,V,39,V,31,V,14,V,3,V,2,V,2,V,1,V,1,V,2,V,3,V,2,V,1,V,1,V,1,V,1,V
08,Barcelona,019,Barcelona,050,7,2026,4,18,1,V,1,V,1,V,1,V,1,V,1,V,1,V,4,V,11,V,7,V,6,V,5,V,3,V,2,V,2,V,1,V,15,V,31,V,5,V,3,V,1,V,1,V,1,V,1,V
08,Barcelona,019,Barcelona,050,7,2026,4,19,1,V,1,V,3,V,4,V,5,V,3,V,20,V,2,V,4,V,14,V,8,V,6,V,5,V,6,V,5,V,7,V,,N,,N,,N,,N,,N,,N,,N,,N
08,Barcelona,019,Barcelona,043,7,2026,4,16,1,V,2,V,1,V,1,V,1,V,10,V,26,V,61,V,94,V,91,V,43,V,54,V,48,V,15,V,7,V,4,V,6,V,4,V,2,V,1,V,4,V,4,V,1,V,1,V
08,Barcelona,019,Barcelona,043,7,2026,4,17,1,V,1,V,1,V,1,V,1,V,3,V,14,V,20,V,29,V,53,V,33,V,29,V,16,V,12,V,22,V,19,V,11,V,8,V,7,V,4,V,3,V,1,V,1,V,1,V
08,Barcelona,019,Barcelona,043,7,2026,4,18,1,V,1,V,1,V,1,V,1,V,4,V,17,V,27,V,27,V,39,V,34,V,19,V,13,V,24,V,20,V,11,V,4,V,2,V,3,V,1,V,4,V,1,V,1,V,1,V
08,Barcelona,019,Barcelona,043,7,2026,4,19,1,V,1,V,2,V,3,V,1,V,3,V,8,V,14,V,20,V,12,V,3,V,3,V,3,V,3,V,4,V,2,V,,N,,N,,N,,N,,N,,N,,N,,N
08,Barcelona,019,Barcelona,044,7,2026,4,16,3,V,3,V,5,V,8,V,8,V,15,V,23,V,66,V,89,V,79,V,34,V,35,V,47,V,16,V,5,V,6,V,7,V,5,V,5,V,4,V,4,V,3,V,4,V,12,V
08,Barcelona,019,Barcelona,044,7,2026,4,17,2,V,4,V,4,V,6,V,5,V,12,V,8,V,26,V,92,V,61,V,50,V,37,V,11,V,11,V,12,V,19,V,25,V,8,V,4,V,3,V,3,V,1,V,2,V,2,V
08,Barcelona,019,Barcelona,044,7,2026,4,18,2,V,1,V,4,V,4,V,5,V,9,V,17,V,23,V,13,V,16,V,9,V,14,V,8,V,4,V,9,V,7,V,5,V,2,V,3,V,2,V,2,V,2,V,2,V,4,V
08,Barcelona,019,Barcelona,044,7,2026,4,19,7,V,13,V,8,V,3,V,1,V,3,V,4,V,10,V,11,V,13,V,6,V,3,V,2,V,2,V,3,V,2,V,,N,,N,,N,,N,,N,,N,,N,,N
08,Barcelona,019,Barcelona,058,7,2026,4,16,1,V,1,V,1,V,1,V,1,V,1,V,1,V,1,V,1,V,1,V,25,V,12,V,15,V,5,V,1,V,1,V,1,V,1,V,1,V,1,V,1,V,1,V,1,V,1,V
08,Barcelona,019,Barcelona,058,7,2026,4,17,1,V,1,V,1,V,1,V,1,V,1,V,1,V,1,V,1,V,16,V,29,V,25,V,4,V,1,V,4,V,5,V,2,V,2,V,1,V,1,V,2,V,1,V,12,V,1,V
08,Barcelona,019,Barcelona,058,7,2026,4,18,1,V,1,V,1,V,1,V,1,V,1,V,1,V,1,V,1,V,2,V,2,V,2,V,2,V,3,V,5,V,2,V,1,V,1,V,1,V,1,V,1,V,1,V,1,V,7,V
08,Barcelona,019,Barcelona,058,7,2026,4,19,2,V,1,V,1,V,1,V,1,V,1,V,1,V,1,V,1,V,2,V,6,V,3,V,1,V,1,V,1,V,1,V,,N,,N,,N,,N,,N,,N,,N,,N
08,Barcelona,019,Barcelona,057,7,2026,4,16,1,V,1,V,1,V,1,V,1,V,1,V,12,V,34,V,91,V,,N,,N,,N,,N,,N,,N,,N,,N,,N,,N,,N,,N,,N,,N,,N
08,Barcelona,019,Barcelona,057,7,2026,4,17,,N,,N,,N,,N,,N,,N,,N,,N,,N,,N,,N,,N,,N,,N,,N,,N,,N,,N,,N,,N,,N,,N,,N,,N
08,Barcelona,019,Barcelona,057,7,2026,4,18,,N,,N,,N,,N,,N,,N,,N,,N,,N,,N,,N,,N,,N,,N,,N,,N,,N,,N,,N,,N,,N,,N,,N,,N
08,Barcelona,019,Barcelona,057,7,2026,4,19,,N,,N,,N,,N,,N,,N,,N,,N,,N,,N,,N,,N,,N,,N,,N,,N,,N,,N,,N,,N,,N,,N,,N,,N
08,Barcelona,019,Barcelona,057,107,2026,4,16,-0.2,V,-0.46,V,-0.45,V,-0.32,V,-0.02,V,0.06,V,12.04,V,33.67,V,90.62,V,,N,,N,,N,,N,,N,,N,,N,,N,,N,,N,,N,,N,,N,,N,,N
08,Barcelona,019,Barcelona,057,107,2026,4,17,,N,,N,,N,,N,,N,,N,,N,,N,,N,,N,,N,,N,,N,,N,,N,,N,,N,,N,,N,,N,,N,,N,,N,,N
08,Barcelona,019,Barcelona,057,107,2026,4,18,,N,,N,,N,,N,,N,,N,,N,,N,,N,,N,,N,,N,,N,,N,,N,,N,,N,,N,,N,,N,,N,,N,,N,,N
08,Barcelona,019,Barcelona,057,107,2026,4,19,,N,,N,,N,,N,,N,,N,,N,,N,,N,,N,,N,,N,,N,,N,,N,,N,,N,,N,,N,,N,,N,,N,,N,,N
08,Barcelona,019,Barcelona,004,7,2026,4,16,1,V,1,V,1,V,1,V,1,V,1,V,3,V,14,V,32,V,24,V,21,V,8,V,7,V,12,V,2,V,4,V,3,V,8,V,4,V,3,V,2,V,4,V,1,V,9,V
08,Barcelona,019,Barcelona,004,7,2026,4,17,4,V,2,V,1,V,1,V,1,V,2,V,2,V,23,V,36,V,30,V,30,V,11,V,5,V,3,V,2,V,1,V,1,V,1,V,1,V,1,V,2,V,1,V,1,V,1,V
08,Barcelona,019,Barcelona,004,7,2026,4,18,1,V,1,V,1,V,1,V,1,V,1,V,1,V,3,V,9,V,9,V,10,V,5,V,5,V,2,V,2,V,1,V,2,V,5,V,8,V,8,V,3,V,1,V,3,V,1,V
08,Barcelona,019,Barcelona,004,7,2026,4,19,8,V,2,V,1,V,1,V,1,V,1,V,1,V,1,V,3,V,6,V,12,V,6,V,3,V,2,V,2,V,,N,,N,,N,,N,,N,,N,,N,,N,,N
08,Barcelona,019,Barcelona,042,7,2026,4,16,1,V,1,V,1,V,1,V,1,V,2,V,10,V,13,V,24,V,46,V,28,V,28,V,23,V,5,V,1,V,3,V,3,V,1,V,1,V,1,V,1,V,1,V,1,V,1,V
08,Barcelona,019,Barcelona,042,7,2026,4,17,1,V,1,V,1,V,1,V,1,V,1,V,3,V,4,V,20,V,,N,,N,,N,,N,,N,4,V,4,V,5,V,2,V,2,V,2,V,1,V,1,V,1,V,1,V
08,Barcelona,019,Barcelona,042,7,2026,4,18,1,V,1,V,1,V,1,V,1,V,4,V,1,V,5,V,14,V,6,V,22,V,11,V,14,V,2,V,2,V,1,V,2,V,1,V,1,V,1,V,1,V,1,V,1,V,1,V
08,Barcelona,019,Barcelona,042,7,2026,4,19,1,V,1,V,1,V,1,V,1,V,1,V,1,V,2,V,5,V,2,V,2,V,2,V,1,V,1,V,2,V,1,V,,N,,N,,N,,N,,N,,N,,N,,N
08,Barcelona,019,Barcelona,054,7,2026,4,16,2,V,2,V,1,V,1,V,1,V,5,V,23,V,58,V,78,V,24,V,8,V,13,V,25,V,17,V,2,V,1,V,1,V,1,V,1,V,1,V,1,V,8,V,3,V,15,V
08,Barcelona,019,Barcelona,054,7,2026,4,17,4,V,7,V,1,V,1,V,1,V,6,V,4,V,32,V,36,V,13,V,,N,12,V,3,V,2,V,4,V,4,V,7,V,3,V,2,V,1,V,1,V,1,V,3,V,5,V
08,Barcelona,019,Barcelona,054,7,2026,4,18,1,V,1,V,1,V,1,V,1,V,2,V,1,V,3,V,3,V,3,V,3,V,3,V,2,V,1,V,3,V,4,V,7,V,1,V,1,V,1,V,1,V,2,V,3,V,1,V
08,Barcelona,019,Barcelona,054,7,2026,4,19,1,V,1,V,1,V,1,V,1,V,1,V,1,V,1,V,8,V,4,V,8,V,5,V,3,V,1,V,1,V,1,V,,N,,N,,N,,N,,N,,N,,N,,N
08,Barcelona,019,Barcelona,050,8,2026,4,16,21,V,24,V,25,V,24,V,27,V,24,V,27,V,32,V,37,V,55,V,60,V,45,V,43,V,58,V,60,V,65,V,46,V,28,V,15,V,17,V,52,V,38,V,31,V,40,V
08,Barcelona,019,Barcelona,050,8,2026,4,17,48,V,46,V,32,V,34,V,37,V,38,V,36,V,41,V,55,V,66,V,71,V,66,V,45,V,26,V,20,V,13,V,11,V,21,V,42,V,51,V,48,V,33,V,28,V,18,V
08,Barcelona,019,Barcelona,050,8,2026,4,18,17,V,23,V,34,V,36,V,38,V,34,V,28,V,31,V,39,V,49,V,49,V,51,V,39,V,27,V,31,V,22,V,51,V,82,V,59,V,54,V,39,V,27,V,32,V,33,V
08,Barcelona,019,Barcelona,050,8,2026,4,19,44,V,51,V,59,V,54,V,50,V,44,V,43,V,33,V,35,V,66,V,71,V,58,V,48,V,45,V,47,V,47,V,,N,,N,,N,,N,,N,,N,,N,,N
08,Barcelona,019,Barcelona,043,8,2026,4,16,32,V,49,V,44,V,47,V,49,V,49,V,54,V,59,V,76,V,87,V,77,V,88,V,86,V,53,V,30,V,22,V,24,V,23,V,17,V,16,V,31,V,42,V,30,V,45,V
08,Barcelona,019,Barcelona,043,8,2026,4,17,51,V,40,V,41,V,33,V,43,V,55,V,61,V,62,V,65,V,80,V,67,V,70,V,59,V,45,V,85,V,62,V,47,V,40,V,40,V,40,V,44,V,26,V,16,V,20,V
08,Barcelona,019,Barcelona,043,8,2026,4,18,22,V,32,V,38,V,43,V,50,V,53,V,57,V,58,V,65,V,78,V,77,V,69,V,60,V,76,V,74,V,58,V,33,V,22,V,22,V,20,V,27,V,23,V,28,V,45,V
08,Barcelona,019,Barcelona,043,8,2026,4,19,61,V,63,V,59,V,57,V,41,V,49,V,62,V,60,V,61,V,53,V,27,V,24,V,28,V,22,V,20,V,14,V,,N,,N,,N,,N,,N,,N,,N,,N
08,Barcelona,019,Barcelona,044,8,2026,4,16,38,V,46,V,50,V,54,V,49,V,51,V,57,V,73,V,79,V,86,V,66,V,71,V,83,V,47,V,20,V,21,V,21,V,24,V,24,V,25,V,26,V,31,V,40,V,54,V
08,Barcelona,019,Barcelona,044,8,2026,4,17,42,V,50,V,52,V,51,V,56,V,57,V,60,V,66,V,84,V,85,V,86,V,75,V,39,V,38,V,43,V,61,V,75,V,38,V,30,V,39,V,35,V,21,V,20,V,26,V
08,Barcelona,019,Barcelona,044,8,2026,4,18,31,V,30,V,39,V,47,V,54,V,51,V,57,V,63,V,59,V,61,V,39,V,48,V,38,V,21,V,41,V,37,V,40,V,15,V,17,V,18,V,22,V,27,V,36,V,55,V
08,Barcelona,019,Barcelona,044,8,2026,4,19,55,V,64,V,56,V,40,V,28,V,42,V,39,V,44,V,49,V,54,V,29,V,19,V,20,V,14,V,15,V,11,V,,N,,N,,N,,N,,N,,N,,N,,N
08,Barcelona,019,Barcelona,058,8,2026,4,16,7,V,3,V,2,V,2,V,2,V,2,V,2,V,2,V,2,V,3,V,65,V,44,V,53,V,29,V,9,V,9,V,8,V,6,V,9,V,8,V,3,V,4,V,3,V,10,V
08,Barcelona,019,Barcelona,058,8,2026,4,17,12,V,3,V,11,V,6,V,2,V,3,V,2,V,3,V,3,V,53,V,81,V,73,V,29,V,11,V,27,V,36,V,21,V,16,V,14,V,17,V,13,V,4,V,13,V,6,V
08,Barcelona,019,Barcelona,058,8,2026,4,18,3,V,2,V,2,V,2,V,2,V,2,V,1,V,3,V,2,V,16,V,13,V,16,V,11,V,17,V,27,V,14,V,11,V,10,V,8,V,8,V,5,V,4,V,6,V,11,V
08,Barcelona,019,Barcelona,058,8,2026,4,19,3,V,1,V,1,V,2,V,2,V,1,V,1,V,2,V,3,V,11,V,33,V,17,V,12,V,8,V,6,V,7,V,,N,,N,,N,,N,,N,,N,,N,,N
08,Barcelona,019,Barcelona,057,8,2026,4,16,34,V,26,V,23,V,28,V,32,V,33,V,45,V,66,V,80,V,,N,,N,,N,,N,,N,,N,,N,,N,,N,,N,,N,,N,,N,,N,,N
08,Barcelona,019,Barcelona,057,8,2026,4,17,,N,,N,,N,,N,,N,,N,,N,,N,,N,,N,,N,,N,,N,,N,,N,,N,,N,,N,,N,,N,,N,,N,,N,,N
08,Barcelona,019,Barcelona,057,8,2026,4,18,,N,,N,,N,,N,,N,,N,,N,,N,,N,,N,,N,,N,,N,,N,,N,,N,,N,,N,,N,,N,,N,,N,,N,,N
08,Barcelona,019,Barcelona,057,8,2026,4,19,,N,,N,,N,,N,,N,,N,,N,,N,,N,,N,,N,,N,,N,,N,,N,,N,,N,,N,,N,,N,,N,,N,,N,,N
08,Barcelona,019,Barcelona,057,108,2026,4,16,34.4,V,26.1,V,23.47,V,28.34,V,31.5,V,33.04,V,44.25,V,65.7,V,79.99,V,,N,,N,,N,,N,,N,,N,,N,,N,,N,,N,,N,,N,,N,,N,,N
08,Barcelona,019,Barcelona,057,108,2026,4,17,,N,,N,,N,,N,,N,,N,,N,,N,,N,,N,,N,,N,,N,,N,,N,,N,,N,,N,,N,,N,,N,,N,,N,,N
08,Barcelona,019,Barcelona,057,108,2026,4,18,,N,,N,,N,,N,,N,,N,,N,,N,,N,,N,,N,,N,,N,,N,,N,,N,,N,,N,,N,,N,,N,,N,,N,,N
08,Barcelona,019,Barcelona,057,108,2026,4,19,,N,,N,,N,,N,,N,,N,,N,,N,,N,,N,,N,,N,,N,,N,,N,,N,,N,,N,,N,,N,,N,,N,,N,,N
08,Barcelona,019,Barcelona,004,8,2026,4,16,41,V,33,V,29,V,31,V,32,V,36,V,45,V,49,V,49,V,48,V,49,V,33,V,29,V,51,V,17,V,31,V,24,V,46,V,24,V,26,V,59,V,43,V,60,V,83,V
08,Barcelona,019,Barcelona,004,8,2026,4,17,76,V,71,V,50,V,41,V,37,V,38,V,45,V,58,V,60,V,55,V,64,V,45,V,31,V,23,V,16,V,9,V,10,V,14,V,21,V,27,V,30,V,47,V,26,V,18,V
08,Barcelona,019,Barcelona,004,8,2026,4,18,22,V,24,V,41,V,32,V,22,V,27,V,29,V,33,V,39,V,35,V,38,V,25,V,32,V,23,V,21,V,19,V,30,V,44,V,69,V,74,V,72,V,45,V,95,V,83,V
08,Barcelona,019,Barcelona,004,8,2026,4,19,84,V,59,V,44,V,38,V,20,V,24,V,20,V,20,V,25,V,29,V,49,V,37,V,25,V,20,V,22,V,,N,,N,,N,,N,,N,,N,,N,,N,,N
08,Barcelona,019,Barcelona,042,8,2026,4,16,26,V,30,V,31,V,39,V,38,V,45,V,48,V,44,V,53,V,67,V,66,V,65,V,75,V,35,V,17,V,13,V,15,V,8,V,10,V,10,V,13,V,20,V,30,V,41,V
08,Barcelona,019,Barcelona,042,8,2026,4,17,48,V,35,V,17,V,19,V,22,V,35,V,47,V,46,V,53,V,,N,,N,,N,,N,,N,29,V,37,V,29,V,17,V,25,V,32,V,24,V,16,V,13,V,16,V
08,Barcelona,019,Barcelona,042,8,2026,4,18,21,V,31,V,37,V,37,V,33,V,35,V,39,V,45,V,55,V,39,V,77,V,59,V,67,V,20,V,20,V,12,V,17,V,12,V,10,V,9,V,11,V,15,V,23,V,38,V
08,Barcelona,019,Barcelona,042,8,2026,4,19,47,V,47,V,40,V,34,V,36,V,29,V,21,V,31,V,41,V,24,V,19,V,19,V,17,V,11,V,16,V,9,V,,N,,N,,N,,N,,N,,N,,N,,N
08,Barcelona,019,Barcelona,054,8,2026,4,16,55,V,37,V,30,V,29,V,33,V,54,V,64,V,78,V,76,V,47,V,31,V,50,V,68,V,51,V,13,V,10,V,9,V,9,V,11,V,14,V,14,V,67,V,55,V,77,V
08,Barcelona,019,Barcelona,054,8,2026,4,17,56,V,61,V,45,V,40,V,22,V,64,V,60,V,82,V,73,V,45,V,,N,40,V,17,V,15,V,25,V,30,V,41,V,20,V,21,V,28,V,21,V,24,V,42,V,50,V
08,Barcelona,019,Barcelona,054,8,2026,4,18,35,V,39,V,29,V,11,V,5,V,26,V,23,V,38,V,30,V,17,V,19,V,25,V,16,V,8,V,20,V,29,V,47,V,12,V,9,V,9,V,17,V,41,V,63,V,44,V
08,Barcelona,019,Barcelona,054,8,2026,4,19,34,V,27,V,15,V,13,V,13,V,12,V,13,V,24,V,38,V,24,V,39,V,35,V,26,V,10,V,11,V,7,V,,N,,N,,N,,N,,N,,N,,N,,N
08,Barcelona,019,Barcelona,050,12,2026,4,16,21,V,25,V,26,V,25,V,29,V,27,V,31,V,53,V,100,V,114,V,75,V,51,V,52,V,70,V,77,V,82,V,53,V,32,V,16,V,18,V,57,V,38,V,31,V,41,V
08,Barcelona,019,Barcelona,050,12,2026,4,17,49,V,47,V,33,V,35,V,38,V,39,V,39,V,63,V,106,V,125,V,118,V,87,V,49,V,29,V,23,V,15,V,14,V,24,V,47,V,55,V,50,V,34,V,29,V,19,V
08,Barcelona,019,Barcelona,050,12,2026,4,18,18,V,24,V,35,V,38,V,39,V,35,V,29,V,37,V,55,V,60,V,58,V,58,V,42,V,29,V,35,V,24,V,73,V,128,V,67,V,58,V,39,V,27,V,32,V,34,V
08,Barcelona,019,Barcelona,050,12,2026,4,19,45,V,52,V,64,V,60,V,58,V,49,V,73,V,35,V,40,V,86,V,84,V,67,V,56,V,53,V,55,V,57,V,,N,,N,,N,,N,,N,,N,,N,,N
08,Barcelona,019,Barcelona,044,12,2026,4,16,42,V,51,V,57,V,65,V,60,V,74,V,91,V,174,V,214,V,207,V,117,V,125,V,156,V,72,V,27,V,30,V,32,V,32,V,31,V,31,V,31,V,36,V,46,V,72,V
08,Barcelona,019,Barcelona,044,12,2026,4,17,44,V,55,V,59,V,61,V,63,V,75,V,73,V,106,V,223,V,179,V,162,V,130,V,55,V,55,V,60,V,89,V,113,V,50,V,37,V,43,V,39,V,22,V,22,V,28,V
08,Barcelona,019,Barcelona,044,12,2026,4,18,34,V,32,V,45,V,53,V,61,V,64,V,83,V,99,V,79,V,85,V,53,V,70,V,51,V,28,V,54,V,46,V,48,V,17,V,21,V,20,V,24,V,29,V,38,V,61,V
08,Barcelona,019,Barcelona,044,12,2026,4,19,65,V,84,V,68,V,44,V,29,V,45,V,45,V,60,V,66,V,74,V,39,V,23,V,23,V,17,V,19,V,13,V,,N,,N,,N,,N,,N,,N,,N,,N
08,Barcelona,019,Barcelona,058,12,2026,4,16,8,V,5,V,3,V,3,V,3,V,3,V,3,V,3,V,3,V,5,V,103,V,62,V,76,V,37,V,11,V,11,V,9,V,8,V,10,V,9,V,5,V,5,V,4,V,11,V
08,Barcelona,019,Barcelona,058,12,2026,4,17,13,V,5,V,13,V,7,V,4,V,4,V,3,V,4,V,5,V,77,V,126,V,111,V,36,V,13,V,32,V,43,V,25,V,19,V,16,V,18,V,15,V,6,V,31,V,7,V
08,Barcelona,019,Barcelona,058,12,2026,4,18,4,V,3,V,3,V,3,V,3,V,3,V,3,V,4,V,4,V,19,V,16,V,19,V,13,V,21,V,34,V,17,V,13,V,12,V,9,V,9,V,7,V,5,V,8,V,19,V
08,Barcelona,019,Barcelona,058,12,2026,4,19,6,V,2,V,2,V,3,V,3,V,2,V,2,V,3,V,4,V,14,V,43,V,21,V,13,V,10,V,8,V,8,V,,N,,N,,N,,N,,N,,N,,N,,N
08,Barcelona,019,Barcelona,057,12,2026,4,16,34,V,26,V,23,V,28,V,31,V,33,V,58,V,117,V,218,V,,N,,N,,N,,N,,N,,N,,N,,N,,N,,N,,N,,N,,N,,N,,N
08,Barcelona,019,Barcelona,057,12,2026,4,17,,N,,N,,N,,N,,N,,N,,N,,N,,N,,N,,N,,N,,N,,N,,N,,N,,N,,N,,N,,N,,N,,N,,N,,N
08,Barcelona,019,Barcelona,057,12,2026,4,18,,N,,N,,N,,N,,N,,N,,N,,N,,N,,N,,N,,N,,N,,N,,N,,N,,N,,N,,N,,N,,N,,N,,N,,N
08,Barcelona,019,Barcelona,057,12,2026,4,19,,N,,N,,N,,N,,N,,N,,N,,N,,N,,N,,N,,N,,N,,N,,N,,N,,N,,N,,N,,N,,N,,N,,N,,N
08,Barcelona,019,Barcelona,057,112,2026,4,16,34.1,V,25.39,V,22.78,V,27.84,V,31.46,V,33.13,V,62.65,V,117.15,V,218.39,V,,N,,N,,N,,N,,N,,N,,N,,N,,N,,N,,N,,N,,N,,N,,N
08,Barcelona,019,Barcelona,057,112,2026,4,17,,N,,N,,N,,N,,N,,N,,N,,N,,N,,N,,N,,N,,N,,N,,N,,N,,N,,N,,N,,N,,N,,N,,N,,N
08,Barcelona,019,Barcelona,057,112,2026,4,18,,N,,N,,N,,N,,N,,N,,N,,N,,N,,N,,N,,N,,N,,N,,N,,N,,N,,N,,N,,N,,N,,N,,N,,N
08,Barcelona,019,Barcelona,057,112,2026,4,19,,N,,N,,N,,N,,N,,N,,N,,N,,N,,N,,N,,N,,N,,N,,N,,N,,N,,N,,N,,N,,N,,N,,N,,N
08,Barcelona,019,Barcelona,004,12,2026,4,16,41,V,33,V,29,V,31,V,33,V,37,V,49,V,70,V,98,V,83,V,82,V,44,V,39,V,69,V,20,V,37,V,28,V,58,V,29,V,31,V,62,V,48,V,61,V,97,V
08,Barcelona,019,Barcelona,004,12,2026,4,17,82,V,74,V,51,V,42,V,37,V,40,V,47,V,94,V,114,V,100,V,110,V,62,V,37,V,27,V,18,V,9,V,11,V,16,V,23,V,28,V,31,V,48,V,26,V,18,V
08,Barcelona,019,Barcelona,004,12,2026,4,18,22,V,24,V,41,V,32,V,22,V,27,V,29,V,36,V,52,V,49,V,52,V,33,V,39,V,26,V,24,V,21,V,33,V,52,V,80,V,86,V,76,V,45,V,98,V,84,V
08,Barcelona,019,Barcelona,004,12,2026,4,19,96,V,61,V,44,V,39,V,20,V,25,V,20,V,21,V,29,V,38,V,67,V,47,V,30,V,25,V,25,V,,N,,N,,N,,N,,N,,N,,N,,N,,N
08,Barcelona,019,Barcelona,042,12,2026,4,16,24,V,28,V,29,V,39,V,38,V,48,V,63,V,62,V,89,V,137,V,109,V,108,V,111,V,43,V,18,V,17,V,19,V,9,V,10,V,8,V,13,V,19,V,29,V,40,V
08,Barcelona,019,Barcelona,042,12,2026,4,17,47,V,33,V,15,V,17,V,20,V,34,V,51,V,52,V,84,V,,N,,N,,N,,N,,N,35,V,44,V,37,V,21,V,28,V,34,V,25,V,15,V,12,V,16,V
08,Barcelona,019,Barcelona,042,12,2026,4,18,21,V,31,V,37,V,37,V,33,V,40,V,39,V,51,V,76,V,47,V,110,V,75,V,89,V,23,V,23,V,13,V,20,V,14,V,11,V,10,V,11,V,16,V,23,V,38,V
08,Barcelona,019,Barcelona,042,12,2026,4,19,46,V,47,V,39,V,34,V,37,V,29,V,21,V,32,V,48,V,28,V,22,V,22,V,18,V,12,V,19,V,11,V,,N,,N,,N,,N,,N,,N,,N,,N
08,Barcelona,019,Barcelona,054,12,2026,4,16,58,V,39,V,31,V,30,V,35,V,62,V,99,V,166,V,195,V,83,V,42,V,70,V,106,V,77,V,16,V,12,V,10,V,11,V,13,V,15,V,14,V,79,V,61,V,99,V
08,Barcelona,019,Barcelona,054,12,2026,4,17,62,V,71,V,46,V,41,V,23,V,74,V,67,V,130,V,129,V,65,V,,N,58,V,21,V,18,V,31,V,36,V,51,V,25,V,24,V,30,V,22,V,24,V,46,V,57,V
08,Barcelona,019,Barcelona,054,12,2026,4,18,36,V,40,V,30,V,11,V,6,V,29,V,23,V,42,V,35,V,21,V,23,V,30,V,19,V,10,V,25,V,36,V,57,V,14,V,9,V,10,V,18,V,43,V,68,V,46,V
08,Barcelona,019,Barcelona,054,12,2026,4,19,35,V,28,V,15,V,13,V,13,V,13,V,14,V,25,V,49,V,30,V,51,V,43,V,31,V,11,V,12,V,9,V,,N,,N,,N,,N,,N,,N,,N,,N
08,Barcelona,019,Barcelona,057,995,2026,4,16,109,V,106,V,110,V,121,V,153,V,143,V,97,V,95,V,145,V,310,V,221,V,113,V,350,V,113,V,79,V,79,V,63,V,51,V,49,V,50,V,78,V,111,V,118,V,79,V
08,Barcelona,019,Barcelona,057,995,2026,4,17,74,V,119,V,115,V,108,V,140,V,122,V,146,V,158,V,156,V,203,V,,N,183,V,258,V,148,V,87,V,52,V,53,V,47,V,68,V,87,V,81,V,111,V,168,V,228,V
08,Barcelona,019,Barcelona,057,995,2026,4,18,226,V,165,V,169,V,174,V,153,V,144,V,129,V,108,V,140,V,175,V,377,V,409,V,280,V,125,V,122,V,93,V,84,V,72,V,69,V,60,V,71,V,87,V,126,V,149,V
08,Barcelona,019,Barcelona,057,995,2026,4,19,137,V,135,V,144,V,119,V,100,V,109,V,123,V,132,V,183,V,193,V,206,V,156,V,166,V,144,V,91,V,98,V,,N,,N,,N,,N,,N,,N,,N,,N
08,Barcelona,019,Barcelona,054,995,2026,4,16,203,V,171,V,162,V,145,V,178,V,214,V,171,V,195,V,241,V,225,V,236,V,363,V,440,V,359,V,89,V,85,V,69,V,57,V,49,V,57,V,59,V,60,V,73,V,58,V
08,Barcelona,019,Barcelona,054,995,2026,4,17,72,V,78,V,80,V,88,V,92,V,99,V,110,V,183,V,216,V,142,V,216,V,245,V,147,V,133,V,218,V,194,V,126,V,61,V,73,V,96,V,110,V,117,V,140,V,139,V
08,Barcelona,019,Barcelona,054,995,2026,4,18,165,V,186,V,147,V,97,V,79,V,121,V,115,V,130,V,150,V,156,V,184,V,222,V,176,V,129,V,157,V,146,V,136,V,99,V,72,V,64,V,74,V,80,V,91,V,97,V
08,Barcelona,019,Barcelona,054,995,2026,4,19,90,V,101,V,99,V,90,V,93,V,91,V,113,V,147,V,163,V,162,V,284,V,292,V,263,V,206,V,149,V,104,V,,N,,N,,N,,N,,N,,N,,N,,N
08,Barcelona,019,Barcelona,050,14,2026,4,16,18,V,11,V,4,V,4,V,2,V,2,V,1,V,1,V,2,V,5,V,23,V,21,V,24,V,32,V,32,V,33,V,43,V,58,V,68,V,59,V,21,V,30,V,20,V,12,V
08,Barcelona,019,Barcelona,050,14,2026,4,17,8,V,10,V,13,V,8,V,5,V,3,V,2,V,1,V,3,V,3,V,9,V,20,V,40,V,56,V,62,V,58,V,60,V,53,V,43,V,34,V,29,V,35,V,34,V,48,V
08,Barcelona,019,Barcelona,050,14,2026,4,18,43,V,32,V,14,V,5,V,4,V,5,V,5,V,3,V,4,V,10,V,16,V,20,V,38,V,53,V,51,V,54,V,26,V,12,V,25,V,25,V,34,V,36,V,34,V,25,V
08,Barcelona,019,Barcelona,050,14,2026,4,19,14,V,7,V,1,V,1,V,1,V,4,V,4,V,10,V,9,V,10,V,16,V,33,V,42,V,46,V,44,V,50,V,,N,,N,,N,,N,,N,,N,,N,,N
08,Barcelona,019,Barcelona,043,14,2026,4,16,37,V,15,V,18,V,11,V,11,V,4,V,3,V,3,V,4,V,9,V,22,V,19,V,26,V,66,V,78,V,83,V,88,V,89,V,88,V,86,V,69,V,54,V,59,V,39,V
08,Barcelona,019,Barcelona,043,14,2026,4,17,31,V,39,V,36,V,37,V,22,V,8,V,3,V,5,V,8,V,10,V,23,V,36,V,66,V,85,V,58,V,62,V,86,V,86,V,80,V,73,V,64,V,83,V,92,V,77,V
08,Barcelona,019,Barcelona,043,14,2026,4,18,69,V,43,V,25,V,15,V,8,V,6,V,3,V,3,V,7,V,17,V,25,V,43,V,60,V,54,V,59,V,67,V,86,V,85,V,78,V,80,V,70,V,78,V,75,V,50,V
08,Barcelona,019,Barcelona,043,14,2026,4,19,26,V,14,V,11,V,11,V,37,V,26,V,7,V,6,V,11,V,24,V,52,V,73,V,87,V,96,V,90,V,99,V,,N,,N,,N,,N,,N,,N,,N,,N
08,Barcelona,019,Barcelona,044,14,2026,4,16,36,V,22,V,15,V,7,V,7,V,5,V,3,V,3,V,4,V,8,V,21,V,25,V,25,V,64,V,85,V,83,V,85,V,84,V,79,V,75,V,74,V,67,V,51,V,36,V
08,Barcelona,019,Barcelona,044,14,2026,4,17,43,V,30,V,19,V,16,V,10,V,8,V,4,V,3,V,5,V,10,V,17,V,33,V,78,V,90,V,83,V,60,V,51,V,80,V,87,V,75,V,75,V,94,V,91,V,75,V
08,Barcelona,019,Barcelona,044,14,2026,4,18,61,V,52,V,37,V,21,V,9,V,11,V,11,V,10,V,24,V,28,V,50,V,52,V,73,V,91,V,78,V,82,V,74,V,93,V,86,V,86,V,78,V,77,V,64,V,35,V
08,Barcelona,019,Barcelona,044,14,2026,4,19,29,V,10,V,16,V,35,V,50,V,28,V,26,V,18,V,20,V,28,V,55,V,77,V,98,V,109,V,99,V,103,V,,N,,N,,N,,N,,N,,N,,N,,N
08,Barcelona,019,Barcelona,058,14,2026,4,16,79,V,88,V,89,V,93,V,93,V,88,V,83,V,83,V,83,V,81,V,35,V,50,V,49,V,71,V,87,V,91,V,93,V,97,V,91,V,86,V,89,V,89,V,93,V,84,V
08,Barcelona,019,Barcelona,058,14,2026,4,17,85,V,98,V,86,V,94,V,103,V,102,V,96,V,98,V,95,V,43,V,31,V,38,V,85,V,107,V,102,V,92,V,95,V,95,V,99,V,87,V,86,V,103,V,92,V,98,V
08,Barcelona,019,Barcelona,058,14,2026,4,18,106,V,107,V,106,V,107,V,107,V,106,V,109,V,104,V,99,V,80,V,80,V,91,V,96,V,94,V,86,V,101,V,94,V,91,V,84,V,85,V,93,V,92,V,89,V,84,V
08,Barcelona,019,Barcelona,058,14,2026,4,19,103,V,109,V,112,V,111,V,110,V,110,V,112,V,107,V,99,V,83,V,59,V,76,V,100,V,114,V,108,V,104,V,,N,,N,,N,,N,,N,,N,,N,,N
08,Barcelona,019,Barcelona,057,14,2026,4,16,30,V,31,V,27,V,21,V,13,V,11,V,12,V,4,V,2,V,,N,,N,,N,,N,,N,88,V,91,V,96,V,97,V,95,V,88,V,79,V,59,V,38,V,46,V
08,Barcelona,019,Barcelona,057,14,2026,4,17,49,V,28,V,28,V,30,V,23,V,24,V,5,V,3,V,4,V,,N,23,V,37,V,,N,74,V,83,V,89,V,89,V,96,V,93,V,81,V,85,V,91,V,76,V,54,V
08,Barcelona,019,Barcelona,057,14,2026,4,18,43,V,32,V,21,V,17,V,24,V,24,V,13,V,17,V,7,V,28,V,25,V,40,V,64,V,83,V,96,V,99,V,92,V,92,V,90,V,92,V,73,V,51,V,39,V,29,V
08,Barcelona,019,Barcelona,057,14,2026,4,19,26,V,17,V,19,V,35,V,55,V,55,V,35,V,32,V,24,V,34,V,46,V,69,V,104,V,104,V,100,V,104,V,,N,,N,,N,,N,,N,,N,,N,,N
08,Barcelona,019,Barcelona,057,114,2026,4,16,29.8,V,30.5,V,27,V,20.5,V,13.2,V,10.9,V,11.8,V,3.4,V,2.4,V,,N,,N,,N,,N,,N,88.5,V,92.4,V,97,V,98.5,V,96.6,V,89.2,V,79.5,V,59.3,V,38.4,V,46.2,V
08,Barcelona,019,Barcelona,057,114,2026,4,17,49.9,V,28.3,V,28.2,V,29.8,V,23.5,V,24.1,V,5.2,V,2.5,V,3.9,V,,N,23.3,V,36.9,V,,N,75,V,83.5,V,89.7,V,90.4,V,97.2,V,94.2,V,81.9,V,85.6,V,92.2,V,76.8,V,54.5,V
08,Barcelona,019,Barcelona,057,114,2026,4,18,43.7,V,32.7,V,21.3,V,16.9,V,23.8,V,24.2,V,13.1,V,17.5,V,7.3,V,28.2,V,25.3,V,40.3,V,64.5,V,84.3,V,97.3,V,99.9,V,93.2,V,93.3,V,91.2,V,92.7,V,73.7,V,51.6,V,39.1,V,29.5,V
08,Barcelona,019,Barcelona,057,114,2026,4,19,25.9,V,17.4,V,18.9,V,35.3,V,55.6,V,55.7,V,35.6,V,32.4,V,23.8,V,34.4,V,46.7,V,69.7,V,105.1,V,104.8,V,101.3,V,105.6,V,,N,,N,,N,,N,,N,,N,,N,,N
08,Barcelona,019,Barcelona,054,14,2026,4,16,20,V,33,V,34,V,40,V,33,V,12,V,8,V,4,V,7,V,36,V,49,V,46,V,47,V,66,V,95,V,98,V,99,V,102,V,96,V,88,V,86,V,35,V,40,V,24,V
08,Barcelona,019,Barcelona,054,14,2026,4,17,36,V,30,V,38,V,38,V,56,V,20,V,25,V,7,V,14,V,42,V,,N,,N,,N,108,V,108,V,109,V,88,V,100,V,102,V,90,V,93,V,87,V,63,V,49,V
08,Barcelona,019,Barcelona,054,14,2026,4,18,61,V,49,V,65,V,96,V,97,V,60,V,63,V,46,V,54,V,73,V,85,V,101,V,105,V,109,V,99,V,94,V,75,V,101,V,96,V,95,V,85,V,52,V,30,V,50,V
08,Barcelona,019,Barcelona,054,14,2026,4,19,58,V,67,V,84,V,82,V,77,V,79,V,74,V,47,V,36,V,60,V,58,V,77,V,98,V,121,V,115,V,110,V,,N,,N,,N,,N,,N,,N,,N,,N
08,Barcelona,019,Barcelona,057,11,2026,4,16,4,V,4,V,4,V,4,V,5,V,5,V,3,V,4,V,5,V,10,V,7,V,4,V,11,V,4,V,2,V,2,V,2,V,2,V,2,V,2,V,2,V,4,V,4,V,3,V
08,Barcelona,019,Barcelona,057,11,2026,4,17,3,V,4,V,4,V,3,V,5,V,4,V,5,V,5,V,5,V,7,V,,N,6,V,8,V,5,V,3,V,2,V,2,V,1,V,2,V,3,V,3,V,3,V,5,V,7,V
08,Barcelona,019,Barcelona,057,11,2026,4,18,7,V,5,V,5,V,5,V,5,V,4,V,4,V,3,V,4,V,5,V,11,V,12,V,8,V,3,V,3,V,3,V,3,V,3,V,3,V,3,V,4,V,4,V,5,V,6,V
08,Barcelona,019,Barcelona,057,11,2026,4,19,5,V,5,V,5,V,4,V,3,V,4,V,4,V,4,V,6,V,6,V,7,V,5,V,5,V,4,V,2,V,3,V,,N,,N,,N,,N,,N,,N,,N,,N
08,Barcelona,019,Barcelona,057,111,2026,4,16,3.49,V,3.46,V,3.62,V,4.03,V,5.22,V,4.8,V,3.24,V,3.45,V,4.97,V,10.04,V,7.11,V,3.66,V,10.66,V,3.48,V,2.31,V,2.34,V,2,V,1.68,V,1.62,V,1.57,V,2.44,V,3.64,V,3.91,V,2.56,V
08,Barcelona,019,Barcelona,057,111,2026,4,17,2.45,V,3.97,V,3.83,V,3.56,V,4.59,V,3.91,V,5,V,5.56,V,5.22,V,7.06,V,,N,6.32,V,8.11,V,4.61,V,2.77,V,1.63,V,1.68,V,1.5,V,2.1,V,2.63,V,2.43,V,3.36,V,5.11,V,6.96,V
08,Barcelona,019,Barcelona,057,111,2026,4,18,6.87,V,4.89,V,4.97,V,5.09,V,4.51,V,4.24,V,3.73,V,3.05,V,4.02,V,5.17,V,11.08,V,11.69,V,8.14,V,3.41,V,3.37,V,2.9,V,3.11,V,2.81,V,3.21,V,3.17,V,3.56,V,4.07,V,5.04,V,5.64,V
08,Barcelona,019,Barcelona,057,111,2026,4,19,5.12,V,5.18,V,5.34,V,4.1,V,3.14,V,3.41,V,3.77,V,4.01,V,5.65,V,5.93,V,6.5,V,4.46,V,4.59,V,3.94,V,2.46,V,2.71,V,,N,,N,,N,,N,,N,,N,,N,,N
08,Barcelona,019,Barcelona,054,11,2026,4,16,6,V,5,V,5,V,4,V,5,V,6,V,5,V,6,V,7,V,6,V,6,V,9,V,11,V,10,V,2,V,2,V,2,V,2,V,1,V,2,V,1,V,2,V,2,V,2,V
08,Barcelona,019,Barcelona,054,11,2026,4,17,2,V,2,V,2,V,2,V,3,V,3,V,3,V,5,V,6,V,4,V,6,V,7,V,4,V,3,V,6,V,5,V,4,V,2,V,2,V,3,V,3,V,3,V,4,V,4,V
08,Barcelona,019,Barcelona,054,11,2026,4,18,4,V,5,V,4,V,3,V,2,V,3,V,3,V,3,V,4,V,4,V,4,V,5,V,4,V,3,V,4,V,4,V,4,V,3,V,3,V,3,V,3,V,3,V,3,V,3,V
08,Barcelona,019,Barcelona,054,11,2026,4,19,3,V,4,V,3,V,3,V,3,V,2,V,3,V,4,V,4,V,4,V,8,V,8,V,7,V,5,V,4,V,2,V,,N,,N,,N,,N,,N,,N,,N,,N
08,Barcelona,019,Barcelona,043,10,2026,4,16,17,V,20,V,27,V,22,V,23,V,22,V,22,V,25,V,37,V,53,V,44,V,37,V,40,V,30,V,17,V,17,V,17,V,22,V,21,V,18,V,19,V,21,V,17,V,19,V
08,Barcelona,019,Barcelona,043,10,2026,4,17,19,V,20,V,15,V,16,V,16,V,20,V,21,V,28,V,28,V,45,V,38,V,40,V,30,V,26,V,30,V,25,V,24,V,29,V,18,V,18,V,17,V,16,V,14,V,17,V
08,Barcelona,019,Barcelona,043,10,2026,4,18,18,V,22,V,25,V,25,V,24,V,24,V,25,V,27,V,28,V,34,V,39,V,36,V,28,V,23,V,18,V,15,V,21,V,23,V,27,V,28,V,32,V,30,V,28,V,33,V
08,Barcelona,019,Barcelona,043,10,2026,4,19,39,V,36,V,29,V,27,V,22,V,21,V,23,V,28,V,30,V,29,V,24,V,22,V,22,V,21,V,15,V,16,V,,N,,N,,N,,N,,N,,N,,N,,N
08,Barcelona,019,Barcelona,044,10,2026,4,16,,N,,N,,N,,N,,N,,N,,N,,N,,N,,N,,N,,N,,N,,N,,N,,N,,N,,N,,N,,N,,N,,N,,N,,N
08,Barcelona,019,Barcelona,044,10,2026,4,17,,N,,N,,N,,N,,N,,N,,N,,N,,N,,N,,N,,N,,N,,N,,N,,N,,N,,N,,N,,N,,N,,N,,N,,N
08,Barcelona,019,Barcelona,044,10,2026,4,18,,N,,N,,N,,N,,N,,N,,N,,N,,N,,N,,N,,N,,N,,N,,N,,N,,N,,N,,N,,N,,N,,N,,N,,N
08,Barcelona,019,Barcelona,044,10,2026,4,19,,N,,N,,N,,N,,N,,N,,N,,N,,N,,N,,N,,N,,N,,N,,N,,N,,N,,N,,N,,N,,N,,N,,N,,N
08,Barcelona,019,Barcelona,058,10,2026,4,16,15,V,10,V,8,V,6,V,9,V,7,V,6,V,7,V,7,V,9,V,36,V,39,V,33,V,28,V,13,V,14,V,14,V,14,V,12,V,11,V,7,V,7,V,5,V,7,V
08,Barcelona,019,Barcelona,058,10,2026,4,17,9,V,8,V,10,V,9,V,8,V,8,V,10,V,9,V,41,V,31,V,54,V,59,V,36,V,16,V,27,V,29,V,18,V,12,V,14,V,13,V,15,V,9,V,9,V,9,V
08,Barcelona,019,Barcelona,058,10,2026,4,18,9,V,11,V,9,V,8,V,10,V,10,V,13,V,15,V,17,V,20,V,20,V,25,V,21,V,20,V,18,V,19,V,15,V,19,V,16,V,18,V,26,V,22,V,13,V,51,V
08,Barcelona,019,Barcelona,058,10,2026,4,19,38,V,12,V,20,V,17,V,11,V,9,V,9,V,11,V,13,V,17,V,28,V,28,V,27,V,21,V,15,V,14,V,,N,,N,,N,,N,,N,,N,,N,,N
08,Barcelona,019,Barcelona,057,10,2026,4,16,14,V,10,V,11,V,11,V,12,V,11,V,28,V,30,V,36,V,60,V,44,V,22,V,48,V,15,V,9,V,11,V,11,V,14,V,13,V,10,V,13,V,18,V,14,V,9,V
08,Barcelona,019,Barcelona,057,10,2026,4,17,9,V,13,V,15,V,15,V,14,V,12,V,18,V,34,V,30,V,83,V,,N,35,V,39,V,25,V,17,V,9,V,12,V,9,V,9,V,9,V,8,V,10,V,12,V,16,V
08,Barcelona,019,Barcelona,057,10,2026,4,18,16,V,13,V,14,V,12,V,10,V,11,V,12,V,15,V,20,V,21,V,37,V,32,V,26,V,13,V,13,V,11,V,15,V,18,V,24,V,25,V,28,V,28,V,24,V,21,V
08,Barcelona,019,Barcelona,057,10,2026,4,19,18,V,17,V,16,V,18,V,11,V,11,V,13,V,14,V,20,V,18,V,22,V,17,V,16,V,13,V,9,V,9,V,,N,,N,,N,,N,,N,,N,,N,,N
08,Barcelona,019,Barcelona,057,110,2026,4,16,13.14,V,10.26,V,10.62,V,10.84,V,12.17,V,11.13,V,29.43,V,30.17,V,36.12,V,59.66,V,43.39,V,22.05,V,47.72,V,15.3,V,9.17,V,10.5,V,10.65,V,14.17,V,12.32,V,10.15,V,12.51,V,17.64,V,13.6,V,9.17,V
08,Barcelona,019,Barcelona,057,110,2026,4,17,9.3,V,13.31,V,14.6,V,14.83,V,13.42,V,11.62,V,17.4,V,33.96,V,29.52,V,82.72,V,,N,35.23,V,38.52,V,25.29,V,17.54,V,8.87,V,12.53,V,8.57,V,8.88,V,9.22,V,7.63,V,9.63,V,11.95,V,15.66,V
08,Barcelona,019,Barcelona,057,110,2026,4,18,16.38,V,12.58,V,13.63,V,11.61,V,10.47,V,10.33,V,11.93,V,15.14,V,20.07,V,21.41,V,36.59,V,31.86,V,26.13,V,12.94,V,13.36,V,11.2,V,14.6,V,17.58,V,23.84,V,24.81,V,27.72,V,27.53,V,23.93,V,21.25,V
08,Barcelona,019,Barcelona,057,110,2026,4,19,17.87,V,16.72,V,16.04,V,17.54,V,11.21,V,11.37,V,12.82,V,13.53,V,19.61,V,18.43,V,21.86,V,17.29,V,15.56,V,12.68,V,9.13,V,8.75,V,,N,,N,,N,,N,,N,,N,,N,,N
08,Barcelona,019,Barcelona,004,10,2026,4,16,18,V,12,V,10,V,15,V,16,V,16,V,23,V,22,V,32,V,38,V,36,V,34,V,28,V,29,V,25,V,26,V,32,V,30,V,32,V,29,V,28,V,18,V,20,V,24,V
08,Barcelona,019,Barcelona,004,10,2026,4,17,28,V,23,V,17,V,20,V,19,V,18,V,38,V,29,V,48,V,45,V,42,V,34,V,24,V,26,V,19,V,17,V,19,V,24,V,19,V,20,V,18,V,16,V,17,V,17,V
08,Barcelona,019,Barcelona,004,10,2026,4,18,18,V,21,V,17,V,35,V,15,V,14,V,,N,,N,,N,,N,,N,,N,,N,,N,,N,,N,,N,,N,,N,,N,,N,,N,,N,,N
08,Barcelona,019,Barcelona,004,10,2026,4,19,,N,,N,,N,,N,,N,,N,,N,,N,,N,,N,,N,,N,,N,,N,,N,,N,,N,,N,,N,,N,,N,,N,,N,,N
08,Barcelona,019,Barcelona,054,10,2026,4,16,15,V,14,V,12,V,11,V,11,V,14,V,12,V,15,V,24,V,23,V,22,V,33,V,33,V,31,V,12,V,12,V,14,V,16,V,15,V,13,V,15,V,12,V,16,V,8,V
08,Barcelona,019,Barcelona,054,10,2026,4,17,8,V,9,V,8,V,9,V,9,V,11,V,11,V,18,V,26,V,18,V,34,V,36,V,17,V,15,V,20,V,20,V,21,V,16,V,11,V,14,V,12,V,12,V,15,V,13,V
08,Barcelona,019,Barcelona,054,10,2026,4,18,14,V,14,V,11,V,8,V,7,V,9,V,8,V,15,V,13,V,13,V,13,V,18,V,17,V,11,V,12,V,11,V,15,V,17,V,21,V,22,V,25,V,24,V,20,V,15,V
08,Barcelona,019,Barcelona,054,10,2026,4,19,17,V,14,V,12,V,13,V,11,V,10,V,10,V,14,V,18,V,13,V,24,V,25,V,21,V,15,V,13,V,10,V,,N,,N,,N,,N,,N,,N,,N,,N
08,Barcelona,019,Barcelona,043,9,2026,4,16,8,V,10,V,14,V,14,V,13,V,12,V,12,V,13,V,16,V,22,V,18,V,17,V,20,V,11,V,5,V,5,V,4,V,4,V,4,V,4,V,5,V,6,V,6,V,8,V
08,Barcelona,019,Barcelona,043,9,2026,4,17,8,V,8,V,6,V,7,V,8,V,10,V,10,V,10,V,11,V,17,V,13,V,15,V,11,V,8,V,9,V,10,V,6,V,6,V,5,V,6,V,8,V,7,V,7,V,9,V
08,Barcelona,019,Barcelona,043,9,2026,4,18,9,V,11,V,11,V,11,V,12,V,13,V,14,V,14,V,14,V,16,V,20,V,18,V,13,V,10,V,8,V,6,V,7,V,7,V,9,V,9,V,11,V,12,V,13,V,17,V
08,Barcelona,019,Barcelona,043,9,2026,4,19,23,V,19,V,13,V,12,V,9,V,9,V,11,V,12,V,13,V,12,V,10,V,8,V,8,V,7,V,4,V,5,V,,N,,N,,N,,N,,N,,N,,N,,N
08,Barcelona,019,Barcelona,057,9,2026,4,16,5,V,5,V,5,V,6,V,7,V,6,V,7,V,7,V,10,V,18,V,13,V,7,V,16,V,6,V,4,V,4,V,4,V,3,V,3,V,3,V,4,V,6,V,6,V,4,V
08,Barcelona,019,Barcelona,057,9,2026,4,17,4,V,6,V,6,V,6,V,7,V,6,V,8,V,10,V,9,V,17,V,,N,11,V,13,V,8,V,5,V,3,V,3,V,3,V,3,V,4,V,4,V,5,V,7,V,9,V
08,Barcelona,019,Barcelona,057,9,2026,4,18,9,V,7,V,7,V,7,V,6,V,6,V,5,V,5,V,7,V,8,V,16,V,15,V,12,V,5,V,5,V,5,V,6,V,7,V,9,V,9,V,10,V,10,V,11,V,10,V
08,Barcelona,019,Barcelona,057,9,2026,4,19,8,V,8,V,8,V,7,V,5,V,5,V,6,V,6,V,9,V,9,V,9,V,7,V,7,V,6,V,4,V,4,V,,N,,N,,N,,N,,N,,N,,N,,N
08,Barcelona,019,Barcelona,057,109,2026,4,16,5.34,V,4.98,V,5.04,V,5.46,V,6.83,V,6.26,V,6.81,V,7.35,V,9.9,V,17.73,V,12.45,V,6.47,V,16.18,V,5.59,V,3.55,V,3.75,V,3.52,V,3.47,V,3.3,V,2.87,V,3.96,V,5.76,V,5.59,V,3.69,V
08,Barcelona,019,Barcelona,057,109,2026,4,17,3.71,V,5.78,V,5.78,V,5.46,V,6.42,V,5.5,V,7.44,V,10.01,V,9.22,V,16.75,V,,N,10.7,V,12.93,V,7.8,V,5.16,V,2.95,V,3.35,V,2.77,V,3.43,V,3.94,V,3.56,V,4.69,V,6.74,V,8.95,V
08,Barcelona,019,Barcelona,057,109,2026,4,18,9.04,V,6.7,V,6.78,V,6.69,V,5.9,V,5.64,V,5.26,V,5.09,V,6.72,V,7.91,V,15.45,V,15.37,V,11.42,V,5.12,V,5.09,V,4.77,V,6.19,V,6.58,V,8.56,V,9.08,V,9.79,V,10.31,V,10.36,V,9.97,V
08,Barcelona,019,Barcelona,057,109,2026,4,19,8.26,V,8.23,V,8.11,V,7.15,V,5.12,V,5.29,V,5.84,V,6.06,V,8.53,V,8.55,V,9.47,V,6.88,V,6.96,V,5.97,V,3.72,V,4.08,V,,N,,N,,N,,N,,N,,N,,N,,N
08,Barcelona,019,Barcelona,054,9,2026,4,16,7,V,7,V,6,V,6,V,6,V,8,V,6,V,7,V,10,V,9,V,9,V,13,V,15,V,13,V,4,V,4,V,4,V,4,V,3,V,3,V,3,V,3,V,4,V,3,V
08,Barcelona,019,Barcelona,054,9,2026,4,17,3,V,3,V,3,V,4,V,4,V,4,V,5,V,7,V,10,V,6,V,10,V,11,V,6,V,5,V,8,V,8,V,6,V,4,V,3,V,4,V,5,V,5,V,6,V,6,V
08,Barcelona,019,Barcelona,054,9,2026,4,18,7,V,7,V,6,V,4,V,3,V,4,V,4,V,5,V,5,V,5,V,6,V,7,V,6,V,4,V,5,V,5,V,6,V,6,V,7,V,7,V,9,V,8,V,7,V,6,V
08,Barcelona,019,Barcelona,054,9,2026,4,19,6,V,6,V,5,V,5,V,4,V,4,V,4,V,6,V,7,V,6,V,10,V,11,V,10,V,8,V,5,V,4,V,,N,,N,,N,,N,,N,,N,,N,,N
08,Barcelona,019,Barcelona,043,901,2026,4,16,0,V,0,V,0,V,0,V,0,V,0,V,0,V,0,V,0,V,0,V,0,V,0,V,0,V,0,V,0,V,0,V,0,V,0,V,0,V,0,V,0,V,0,V,0,V,23,V
08,Barcelona,019,Barcelona,043,901,2026,4,17,797,V,0,V,0,V,0,V,0,V,0,V,0,V,0,V,0,V,0,V,0,V,0,V,0,V,0,V,0,V,0,V,0,V,0,V,0,V,0,V,0,V,0,V,0,V,0,V
08,Barcelona,019,Barcelona,043,901,2026,4,18,0,V,0,V,0,V,0,V,0,V,0,V,0,V,0,V,0,V,0,V,0,V,0,V,0,V,0,V,0,V,0,V,0,V,0,V,0,V,0,V,0,V,0,V,0,V,0,V
08,Barcelona,019,Barcelona,043,901,2026,4,19,0,V,0,V,0,V,0,V,0,V,0,V,0,V,0,V,0,V,0,V,0,V,0,V,0,V,0,V,0,V,0,V,,N,,N,,N,,N,,N,,N,,N,,N
08,Barcelona,019,Barcelona,054,901,2026,4,16,0,V,0,V,0,V,0,V,0,V,0,V,0,V,0,V,0,V,0,V,0,V,0,V,0,V,0,V,0,V,0,V,0,V,0,V,0,V,0,V,0,V,0,V,0,V,11,V
08,Barcelona,019,Barcelona,054,901,2026,4,17,802,V,0,V,0,V,0,V,0,V,0,V,0,V,0,V,0,V,0,V,0,V,0,V,,N,,N,0,V,0,V,0,V,0,V,0,V,0,V,0,V,0,V,0,V,0,V
08,Barcelona,019,Barcelona,054,901,2026,4,18,0,V,0,V,0,V,0,V,0,V,0,V,0,V,0,V,0,V,0,V,0,V,0,V,0,V,0,V,0,V,0,V,0,V,0,V,0,V,0,V,0,V,0,V,0,V,0,V
08,Barcelona,019,Barcelona,054,901,2026,4,19,0,V,0,V,0,V,0,V,0,V,0,V,0,V,0,V,0,V,0,V,0,V,0,V,0,V,0,V,0,V,0,V,,N,,N,,N,,N,,N,,N,,N,,N
08,Barcelona,019,Barcelona,043,1,2026,4,16,2,V,2,V,2,V,2,V,2,V,2,V,2,V,3,V,4,V,4,V,3,V,5,V,5,V,5,V,4,V,3,V,3,V,2,V,2,V,2,V,2,V,2,V,2,V,2,V
08,Barcelona,019,Barcelona,043,1,2026,4,17,2,V,2,V,2,V,2,V,2,V,2,V,2,V,2,V,2,V,3,V,3,V,5,V,5,V,4,V,4,V,3,V,3,V,3,V,3,V,2,V,2,V,2,V,2,V,2,V
08,Barcelona,019,Barcelona,043,1,2026,4,18,2,V,2,V,2,V,2,V,2,V,2,V,3,V,3,V,3,V,3,V,4,V,6,V,6,V,5,V,5,V,3,V,3,V,3,V,4,V,4,V,3,V,3,V,2,V,2,V
08,Barcelona,019,Barcelona,043,1,2026,4,19,2,V,2,V,2,V,2,V,2,V,2,V,2,V,2,V,3,V,3,V,4,V,6,V,5,V,5,V,3,V,3,V,,N,,N,,N,,N,,N,,N,,N,,N
08,Barcelona,019,Barcelona,044,1,2026,4,16,2,V,2,V,2,V,3,V,2,V,2,V,2,V,3,V,4,V,3,V,4,V,4,V,5,V,5,V,4,V,4,V,3,V,3,V,3,V,2,V,2,V,2,V,2,V,2,V
08,Barcelona,019,Barcelona,044,1,2026,4,17,2,V,2,V,2,V,2,V,2,V,3,V,2,V,2,V,4,V,4,V,4,V,4,V,4,V,4,V,4,V,4,V,4,V,3,V,3,V,3,V,2,V,2,V,2,V,2,V
08,Barcelona,019,Barcelona,044,1,2026,4,18,3,V,2,V,3,V,3,V,2,V,3,V,2,V,3,V,3,V,3,V,3,V,3,V,3,V,3,V,4,V,4,V,3,V,3,V,3,V,3,V,3,V,3,V,3,V,3,V
08,Barcelona,019,Barcelona,044,1,2026,4,19,3,V,3,V,3,V,3,V,3,V,3,V,3,V,3,V,3,V,4,V,5,V,6,V,5,V,6,V,5,V,4,V,,N,,N,,N,,N,,N,,N,,N,,N
08,Barcelona,019,Barcelona,057,1,2026,4,16,1,V,1,V,2,V,1,V,1,V,1,V,1,V,2,V,2,V,,N,,N,3,V,,N,,N,,N,,N,1,V,1,V,1,V,1,V,1,V,1,V,1,V,1,V
08,Barcelona,019,Barcelona,057,1,2026,4,17,1,V,1,V,1,V,1,V,1,V,1,V,1,V,1,V,1,V,,N,2,V,3,V,3,V,3,V,3,V,2,V,2,V,2,V,1,V,2,V,1,V,1,V,2,V,2,V
08,Barcelona,019,Barcelona,057,1,2026,4,18,1,V,1,V,1,V,1,V,1,V,1,V,1,V,1,V,2,V,2,V,2,V,2,V,3,V,3,V,2,V,2,V,3,V,2,V,1,V,1,V,1,V,1,V,1,V,1,V
08,Barcelona,019,Barcelona,057,1,2026,4,19,2,V,1,V,1,V,1,V,1,V,1,V,1,V,2,V,1,V,2,V,3,V,3,V,3,V,3,V,2,V,2,V,,N,,N,,N,,N,,N,,N,,N,,N
08,Barcelona,019,Barcelona,057,101,2026,4,16,1.2,V,1.25,V,1.24,V,1.14,V,1.1,V,1.08,V,1.31,V,1.39,V,2.01,V,,N,,N,2.66,V,,N,,N,,N,,N,0.67,V,0.68,V,0.46,V,0.48,V,0.34,V,0.45,V,0.46,V,0.47,V
08,Barcelona,019,Barcelona,057,101,2026,4,17,0.28,V,0.35,V,0.37,V,0.37,V,0.37,V,0.38,V,0.65,V,0.68,V,1.07,V,,N,1.91,V,2.66,V,3.11,V,2.97,V,3.48,V,1.95,V,2,V,1.81,V,1.35,V,1.3,V,1.06,V,0.96,V,1.38,V,1.23,V
08,Barcelona,019,Barcelona,057,101,2026,4,18,0.99,V,1.05,V,1.1,V,1.06,V,1.04,V,1.15,V,1.07,V,1.01,V,1.46,V,1.76,V,1.99,V,2.36,V,2.94,V,2.39,V,1.97,V,2.28,V,2.45,V,1.82,V,1.21,V,1.15,V,0.89,V,1.06,V,1.31,V,1.01,V
08,Barcelona,019,Barcelona,057,101,2026,4,19,1.09,V,0.93,V,1.08,V,0.95,V,1.01,V,0.99,V,0.99,V,1.17,V,1.12,V,1.89,V,2.65,V,2.92,V,2.84,V,2.72,V,1.66,V,1.82,V,,N,,N,,N,,N,,N,,N,,N,,N
08,Barcelona,019,Barcelona,054,1,2026,4,16,1,V,2,V,2,V,2,V,1,V,2,V,2,V,2,V,2,V,2,V,2,V,2,V,3,V,4,V,3,V,2,V,1,V,1,V,1,V,1,V,1,V,1,V,1,V,2,V
08,Barcelona,019,Barcelona,054,1,2026,4,17,2,V,1,V,1,V,2,V,1,V,2,V,2,V,2,V,3,V,3,V,,N,,N,3,V,3,V,3,V,3,V,3,V,2,V,2,V,2,V,1,V,2,V,2,V,2,V
08,Barcelona,019,Barcelona,054,1,2026,4,18,2,V,2,V,2,V,2,V,2,V,2,V,2,V,2,V,2,V,2,V,3,V,2,V,2,V,2,V,2,V,5,V,7,V,2,V,2,V,2,V,2,V,2,V,2,V,2,V
08,Barcelona,019,Barcelona,054,1,2026,4,19,2,V,2,V,2,V,2,V,2,V,2,V,2,V,2,V,2,V,2,V,2,V,4,V,5,V,4,V,4,V,3,V,,N,,N,,N,,N,,N,,N,,N,,N
08,Barcelona,019,Barcelona,060,6,2026,4,16,0.3,V,0.2,V,0.2,V,0.2,V,0.2,V,0.2,V,0.2,V,0.3,V,0.4,V,0.4,V,0.3,V,0.3,V,0.4,V,0.4,V,0.3,V,0.2,V,0.2,V,0.2,V,0.2,V,0.2,V,0.3,V,0.3,V,0.5,V,0.6,V
08,Barcelona,019,Barcelona,060,6,2026,4,17,0.5,V,0.3,V,0.2,V,0.2,V,0.2,V,0.2,V,0.2,V,0.2,V,0.3,V,0.3,V,0.3,V,0.4,V,0.2,V,0.4,V,0.2,V,0.3,V,0.3,V,0.2,V,0.3,V,0.4,V,0.4,V,0.2,V,0.3,V,0.4,V
08,Barcelona,019,Barcelona,060,6,2026,4,18,0.3,V,0.3,V,0.3,V,0.2,V,0.2,V,0.2,V,0.2,V,0.2,V,0.2,V,0.4,V,0.3,V,0.4,V,0.4,V,0.3,V,0.2,V,0.2,V,0.2,V,0.2,V,0.3,V,0.2,V,0.3,V,0.3,V,0.5,V,0.5,V
08,Barcelona,019,Barcelona,060,6,2026,4,19,0.3,V,0.2,V,0.3,V,0.2,V,0.2,V,0.2,V,0.2,V,0.2,V,0.2,V,0.2,V,0.2,V,0.3,V,0.3,V,0.2,V,0.2,V,0.2,V,,N,,N,,N,,N,,N,,N,,N,,N
08,Barcelona,019,Barcelona,060,8,2026,4,16,,N,,N,,N,,N,,N,,N,,N,,N,,N,,N,,N,,N,,N,,N,,N,,N,23,V,18,V,16,V,21,V,27,V,38,V,72,V,88,V
08,Barcelona,019,Barcelona,060,8,2026,4,17,85,V,69,V,55,V,45,V,46,V,42,V,49,V,65,V,79,V,75,V,68,V,58,V,33,V,30,V,34,V,34,V,37,V,44,V,73,V,93,V,75,V,35,V,29,V,45,V
08,Barcelona,019,Barcelona,060,8,2026,4,18,51,V,65,V,50,V,38,V,30,V,30,V,34,V,41,V,59,V,56,V,56,V,46,V,38,V,33,V,29,V,17,V,20,V,56,V,35,V,37,V,34,V,36,V,62,V,86,V
08,Barcelona,019,Barcelona,060,8,2026,4,19,74,V,53,V,52,V,43,V,32,V,24,V,24,V,30,V,34,V,39,V,52,V,52,V,51,V,41,V,37,V,33,V,,N,,N,,N,,N,,N,,N,,N,,N
08,Barcelona,019,Barcelona,060,12,2026,4,16,,N,,N,,N,,N,,N,,N,,N,,N,,N,,N,,N,,N,,N,,N,,N,,N,39,V,26,V,23,V,29,V,33,V,44,V,97,V,121,V
08,Barcelona,019,Barcelona,060,12,2026,4,17,112,V,80,V,58,V,49,V,48,V,44,V,55,V,116,V,200,V,181,V,128,V,89,V,42,V,36,V,47,V,54,V,59,V,62,V,100,V,132,V,97,V,41,V,33,V,63,V
08,Barcelona,019,Barcelona,060,12,2026,4,18,55,V,68,V,53,V,40,V,32,V,33,V,37,V,48,V,103,V,83,V,75,V,60,V,50,V,48,V,39,V,22,V,28,V,76,V,52,V,52,V,42,V,46,V,76,V,108,V
08,Barcelona,019,Barcelona,060,12,2026,4,19,83,V,56,V,63,V,45,V,35,V,25,V,24,V,34,V,42,V,50,V,69,V,65,V,63,V,55,V,49,V,43,V,,N,,N,,N,,N,,N,,N,,N,,N
08,Barcelona,019,Barcelona,060,7,2026,4,16,,N,,N,,N,,N,,N,,N,,N,,N,,N,,N,,N,,N,,N,,N,,N,,N,10,V,5,V,5,V,5,V,5,V,5,V,16,V,21,V
08,Barcelona,019,Barcelona,060,7,2026,4,17,18,V,8,V,2,V,3,V,2,V,1,V,4,V,34,V,79,V,69,V,39,V,21,V,6,V,5,V,9,V,13,V,15,V,12,V,18,V,26,V,15,V,4,V,3,V,12,V
08,Barcelona,019,Barcelona,060,7,2026,4,18,3,V,2,V,2,V,2,V,2,V,1,V,1,V,5,V,29,V,18,V,12,V,9,V,8,V,9,V,6,V,4,V,5,V,14,V,11,V,10,V,5,V,7,V,9,V,15,V
08,Barcelona,019,Barcelona,060,7,2026,4,19,6,V,2,V,7,V,2,V,2,V,2,V,1,V,3,V,5,V,7,V,11,V,9,V,8,V,9,V,8,V,6,V,,N,,N,,N,,N,,N,,N,,N,,N
08,Barcelona,019,Barcelona,060,995,2026,4,16,349,V,259,V,173,V,259,V,356,V,381,V,310,V,340,V,368,V,371,V,458,V,271,V,338,V,494,V,313,V,115,V,80,V,65,V,64,V,79,V,107,V,163,V,245,V,318,V
08,Barcelona,019,Barcelona,060,995,2026,4,17,257,V,215,V,183,V,185,V,252,V,215,V,175,V,191,V,282,V,297,V,281,V,295,V,161,V,219,V,188,V,190,V,165,V,108,V,147,V,214,V,246,V,200,V,243,V,337,V
08,Barcelona,019,Barcelona,060,995,2026,4,18,391,V,390,V,393,V,372,V,266,V,265,V,272,V,288,V,346,V,363,V,394,V,366,V,289,V,239,V,266,V,166,V,97,V,146,V,101,V,98,V,126,V,282,V,288,V,388,V
08,Barcelona,019,Barcelona,060,995,2026,4,19,283,V,192,V,213,V,199,V,160,V,162,V,181,V,209,V,233,V,299,V,365,V,337,V,459,V,300,V,193,V,176,V,,N,,N,,N,,N,,N,,N,,N,,N
08,Barcelona,019,Barcelona,060,14,2026,4,16,23,V,23,V,42,V,23,V,17,V,13,V,2,V,1,V,3,V,8,V,13,V,34,V,48,V,46,V,57,V,75,V,83,V,90,V,87,V,80,V,74,V,60,V,24,V,6,V
08,Barcelona,019,Barcelona,060,14,2026,4,17,3,V,12,V,16,V,18,V,9,V,14,V,8,V,1,V,2,V,5,V,16,V,44,V,81,V,95,V,88,V,86,V,84,V,76,V,61,V,39,V,44,V,76,V,78,V,61,V
08,Barcelona,019,Barcelona,060,14,2026,4,18,41,V,14,V,20,V,32,V,33,V,27,V,20,V,11,V,6,V,18,V,31,V,60,V,81,V,93,V,101,V,102,V,93,V,62,V,73,V,72,V,69,V,67,V,39,V,8,V
08,Barcelona,019,Barcelona,060,14,2026,4,19,11,V,25,V,19,V,27,V,37,V,39,V,33,V,24,V,17,V,20,V,36,V,55,V,74,V,79,V,83,V,88,V,,N,,N,,N,,N,,N,,N,,N,,N
08,Barcelona,019,Barcelona,060,10,2026,4,16,23,V,23,V,16,V,19,V,23,V,22,V,24,V,44,V,84,V,68,V,95,V,51,V,28,V,51,V,33,V,19,V,16,V,19,V,16,V,14,V,13,V,16,V,28,V,42,V
08,Barcelona,019,Barcelona,060,10,2026,4,17,44,V,32,V,20,V,21,V,32,V,29,V,26,V,49,V,155,V,159,V,70,V,52,V,26,V,22,V,20,V,15,V,18,V,20,V,19,V,22,V,20,V,14,V,15,V,20,V
08,Barcelona,019,Barcelona,060,10,2026,4,18,27,V,32,V,31,V,33,V,20,V,18,V,22,V,30,V,59,V,41,V,35,V,32,V,22,V,22,V,20,V,14,V,17,V,23,V,21,V,25,V,31,V,36,V,42,V,45,V
08,Barcelona,019,Barcelona,060,10,2026,4,19,38,V,27,V,32,V,26,V,20,V,19,V,16,V,22,V,35,V,29,V,30,V,33,V,33,V,26,V,20,V,18,V,,N,,N,,N,,N,,N,,N,,N,,N
08,Barcelona,019,Barcelona,060,9,2026,4,16,13,V,10,V,7,V,10,V,13,V,13,V,12,V,15,V,21,V,19,V,23,V,14,V,12,V,20,V,12,V,5,V,4,V,4,V,4,V,4,V,4,V,7,V,11,V,15,V
08,Barcelona,019,Barcelona,060,9,2026,4,17,14,V,12,V,8,V,8,V,13,V,10,V,9,V,12,V,27,V,30,V,17,V,14,V,8,V,8,V,8,V,7,V,7,V,6,V,7,V,9,V,9,V,8,V,9,V,12,V
08,Barcelona,019,Barcelona,060,9,2026,4,18,14,V,15,V,16,V,16,V,10,V,9,V,9,V,11,V,16,V,14,V,14,V,13,V,10,V,9,V,10,V,6,V,6,V,8,V,8,V,9,V,11,V,17,V,18,V,20,V
08,Barcelona,019,Barcelona,060,9,2026,4,19,15,V,11,V,12,V,10,V,8,V,8,V,8,V,9,V,11,V,12,V,13,V,13,V,16,V,11,V,7,V,7,V,,N,,N,,N,,N,,N,,N,,N,,N
08,Barcelona,019,Barcelona,060,1,2026,4,16,1,V,1,V,1,V,1,V,1,V,1,V,2,V,2,V,2,V,2,V,2,V,2,V,2,V,2,V,3,V,2,V,2,V,2,V,1,V,1,V,2,V,2,V,2,V,2,V
08,Barcelona,019,Barcelona,060,1,2026,4,17,2,V,2,V,2,V,2,V,2,V,2,V,2,V,2,V,3,V,2,V,3,V,3,V,2,V,3,V,2,V,2,V,2,V,1,V,2,V,2,V,1,V,1,V,1,V,1,V
08,Barcelona,019,Barcelona,060,1,2026,4,18,1,V,2,V,2,V,1,V,2,V,1,V,1,V,2,V,2,V,1,V,2,V,2,V,2,V,2,V,2,V,2,V,2,V,4,V,2,V,3,V,2,V,3,V,2,V,2,V
08,Barcelona,019,Barcelona,060,1,2026,4,19,2,V,1,V,2,V,1,V,1,V,1,V,1,V,1,V,1,V,1,V,2,V,3,V,2,V,2,V,2,V,2,V,,N,,N,,N,,N,,N,,N,,N,,N
